,date,title,stock,close,volume,1_past_close,2_past_close,3_past_close,4_past_close,5_past_close,next_close,next_volume
0,2009-11-23,"Shafran Talks About His Tech Stock Picks With Barronâ€™s: PNR, ADS, TLVT, VRTX, CREE, AZPN",VRTX,0.021276587320833373,-0.09655519235604726,-0.009763547566689623,-0.014932932868952697,-0.025407068839005342,0.0009876769266010665,,-0.007621931717695318,-0.12920957417200107
1,2009-12-03,Index Futures Surge As Bank Of America (BAC) Is Set To Repay $45 Billion Government Bail Out Fund,VRTX,0.018485680202803945,4.4368143610200885,-0.009282461771680905,0.026790338065510122,-0.004615392440404653,-0.009649595170349246,0.008192516220519863,-0.01466932209549987,-0.6996016875868033
2,2010-01-13,Vertex Pharma (VRTX) To File For Hepatitis Drug Approval,VRTX,0.022254134596829678,-0.2652564926126457,-0.0009562733391430545,0.02852234360303285,-0.020000044121799676,-0.012610011769925156,-0.017531557302497114,-0.03323974585830325,0.18191469431087248
3,2011-05-09,"Vertex may be an Acquisition Target, Goldman Sachs Says -Bloomberg (VRTX, GS)",VRTX,0.05702237913725727,0.3938758179729258,0.02538075434618392,-0.03832946472508625,0.010412854902202895,-0.005631200052497953,0.0,-0.010407671690156328,-0.2224412270642202
4,2011-05-23,Vertex Hepatitis C Drug Approved by the FDA -Bloomberg,VRTX,0.014727297696200292,0.5877102643323036,0.0038327994335394244,-0.011367688095142992,-0.019288624756029105,-0.013270510392102475,-0.0036534287777498786,0.008063016254601596,-0.38397297297297295
5,2011-06-09,A Peek Into The Market Before The Trading Starts,VRTX,-0.09540835064088926,9.234187749667111,-0.019014192617923253,-0.0036785132769638906,-0.007121975924076707,0.004770611404278924,0.027913985844178146,0.0027044116692438447,-0.7313659798006082
6,2011-09-06,A Peek Into The Market Before The Trading Starts,VRTX,0.021978011636751615,1.1688627450980391,-0.01152738751336535,-0.003534346052445625,0.0,0.03003412222775892,-0.028943826937141037,0.030063615120900833,-0.5389650309188876
7,2011-11-10,"Financial Breakfast: Morning News Summary for November 10, 2011",VRTX,0.03629290050982936,-0.2173851206330325,0.013464690874855911,-0.08338351462905347,-0.0930930862128847,0.0,-0.0073170852736771375,-0.01844903567958689,-0.46146475243271823
8,2012-01-10,Going Nuc-lear on Hepatitis C -- Is Idenix the Next Target?,VRTX,0.01793720247125674,-0.3017907755733058,0.04787081070889165,0.02807972026473915,0.02857137102941265,-0.0009307719430018402,-0.029509171010321578,0.027533039878921084,0.21268874742442412
9,2012-01-18,"Benzinga's M&A Chatter for Wednesday January 18, 2012",VRTX,0.026294246598300264,0.9625756741882223,-0.008150041851818335,-0.007013712535031469,-0.006698821062280813,0.027533039878921084,0.01793720247125674,-0.01334400810544245,-0.3027668723125818
10,2012-01-24,"Benzinga's M&A Chatter for Tuesday January 24, 2012",VRTX,-0.024260984859928447,0.5457815565729234,-0.012393300631226789,-0.017852307969157155,-0.01334400810544245,0.026294246598300264,-0.008150041851818335,0.013432334480141028,-0.0916618815920699
11,2012-02-02,"Benzinga's M&A Chatter for Thursday February 2, 2012",VRTX,0.014538705007649533,-0.1206494515934019,0.023815995938973433,0.06361539947312389,-0.0344635319495743,0.0072787881480393946,0.007332265734443233,-0.041688437839768167,1.027253977607543
12,2012-02-14,"Benzinga's M&A Chatter for Tuesday February 14, 2012",VRTX,-0.0005532629853238769,0.5605906313645621,0.0005535692547022908,-0.024568029830437488,0.007069117587269247,-0.021548320564059642,-0.016997947106391686,0.009687198000942532,-0.3314378932649732
13,2012-02-17,Gilead Falls On Disappointing Hep C Drug Data; Analysts Remain Bullish,VRTX,0.046679112340641815,2.5550104256102046,0.0276864624151405,0.009687198000942532,-0.0005532629853238769,0.0005535692547022908,-0.024568029830437488,-0.03746180320654258,-0.6260465544208299
14,2012-05-07,"Social Media Outlook for Monday May 7 (VRTX, TSN, AIG, MSFT)",VRTX,0.553595273160775,20.298750132401228,-0.01836790217078388,-0.006517205318618657,-0.0023407061326937706,-0.0007795940658457123,-0.0036250490295289817,0.10392300139756272,-0.5990282547126413
15,2012-05-08,"Social Media Outlook for Tuesday May 8 (LPX, DTV, MAKO, FOSL)",VRTX,0.10392300139756272,-0.5990282547126413,0.553595273160775,-0.01836790217078388,-0.006517205318618657,-0.0023407061326937706,-0.0007795940658457123,-0.05938287048818136,-0.35323956938036416
16,2012-05-15,"S&P Bullish On Biotech ETFs (FBT, IBB, XBI)",VRTX,-0.02040179199981884,-0.4772715411512969,0.04321181023375886,0.030403752663364036,-0.0026511988642504702,-0.05938287048818136,0.10392300139756272,-0.012148949901975237,-0.29138378594249204
17,2012-05-21,"The Definitive Biotech ETF Guide (IBB, XBI, FBT)",VRTX,0.012389930219149914,-0.147588611272516,0.0011424790974576826,-0.021402334124340228,-0.012148949901975237,-0.02040179199981884,0.04321181023375886,0.015942056405675364,-0.1433197000681663
18,2012-05-29,"Social Media Outlook for Tuesday May 29 (BID, IBM, VRTX, MSFT)",VRTX,-0.10871240405462623,9.603924160016266,0.011858358240865563,0.0023459135815335763,0.01347279239285637,0.015942056405675364,0.012389930219149914,0.04117648961125275,-0.5121685817142911
19,2012-06-05,"Survive The Summer With These ETFs (PEJ, NUGT, FBT)",VRTX,0.014904689757022194,-0.2207808177067323,-0.031229022287861397,-0.007994662473634229,-0.002326344116625023,0.04117648961125275,-0.10871240405462623,-0.012295102524220836,0.006627741833675316
20,2012-06-28,"Social Media Outlook for Thursday June 28 (ENOC, ENTR, JPM, VRTX)",VRTX,-0.1624938668957191,11.781100400026231,0.02499164215298144,0.02036622660437626,-0.03596766677483687,0.05225698291611636,-0.026204615583647395,0.09261426017010366,-0.6817018045243947
21,2012-07-30,"Benzinga Market Primer, Monday July 30",VRTX,0.01297646783472306,-0.0538585892963499,0.004889931842212647,0.0,0.014678580005134112,-0.028129425617887782,-0.029256875104491264,-0.029023234377722584,1.4044514388489207
25,2012-11-01,"Vertex, JNJ's Janssen Enter Agreement for Phase 2 Hepatitis C Study",VRTX,0.04556753973827443,1.4713635109025671,-0.02582733168938056,-0.010975837764147456,0.012323244653566823,-0.0026194049026275756,-0.004812469799675201,-0.10835977159877752,2.234091860952115
26,2012-11-01,"Vertex, Vertex, JNJ's Janssen Enter Agreement for Phase 2 Hepatitis C Study",VRTX,0.04556753973827443,1.4713635109025671,-0.02582733168938056,-0.010975837764147456,0.012323244653566823,-0.0026194049026275756,-0.004812469799675201,-0.10835977159877752,2.234091860952115
27,2013-03-25,Moving Averages Indicate These Sector ETFs Could be Stretched,VRTX,0.009676156062994101,0.3907884574878888,0.0287136284801901,-0.004573130065986031,0.011175298637866371,0.010317356531327038,-0.01796984165032356,0.001474416393834277,-0.3769498712706345
32,2013-04-19,"Market Wrap for Friday, April 19: S&P 500 and Nasdaq Composite Jump; Dow Lags After IBM Earnings ",VRTX,0.6190656365324336,3.018109333892861,-0.02165066550371575,-0.006434978452816598,0.006104291675443019,-0.030139939981824404,0.01659675026486518,-0.03820089604388255,-0.6424181562562763
36,2013-04-19,"Mid-Morning Market Update: Markets Mixed, General Electric Q1 Profit Surges 16%",VRTX,0.6190656365324336,3.018109333892861,-0.02165066550371575,-0.006434978452816598,0.006104291675443019,-0.030139939981824404,0.01659675026486518,-0.03820089604388255,-0.6424181562562763
38,2013-04-19,Vertex News Lifts Biotech ETFs,VRTX,0.6190656365324336,3.018109333892861,-0.02165066550371575,-0.006434978452816598,0.006104291675443019,-0.030139939981824404,0.01659675026486518,-0.03820089604388255,-0.6424181562562763
45,2013-04-25,"Benzinga's M&A Chatter for Thursday April 25, 2013",VRTX,-0.009006827013534058,-0.35692238872735405,-0.029689881046110256,0.014575451494640346,-0.03820089604388255,0.6190656365324336,-0.02165066550371575,-0.016185297020632095,0.03126739009460211
49,2013-04-26,Weekly Preview: Focus Shifts from Earnings to Economy,VRTX,-0.016185297020632095,0.03126739009460211,-0.009006827013534058,-0.029689881046110256,0.014575451494640346,-0.03820089604388255,0.6190656365324336,-0.0087319013075694,-0.3616066911739908
55,2013-05-01,"Benzinga Market Primer: Wednesday, May 1",VRTX,0.00013020224251758528,-0.33313503866745986,-0.0192774428818131,-0.0087319013075694,-0.016185297020632095,-0.009006827013534058,-0.029689881046110256,0.011584008439899485,-0.12440191387559807
57,2013-05-01,"Benzinga Market Primer, Wednesday May 1",VRTX,0.00013020224251758528,-0.33313503866745986,-0.0192774428818131,-0.0087319013075694,-0.016185297020632095,-0.009006827013534058,-0.029689881046110256,0.011584008439899485,-0.12440191387559807
59,2013-05-10,S&P Highlights Biotech ETFs,VRTX,0.04753844209311309,0.30413555427914996,0.01789736800555808,-0.012696350802749112,-0.011003216493476908,0.016581157674057767,-0.02225943553475851,-0.00348127288616773,0.26895691110621733
62,2013-07-26,"Weekly Preview: Earnings Season Continues, Fed In Focus, Economic Maelstrom Expected",VRTX,-0.07886331254855994,2.178256458284555,0.02768004399742674,-0.014904689428559714,-0.019152253546298126,-0.003050550965362775,0.019817965232852064,-0.013009483760052287,-0.6100483756108341
66,2013-07-26,"Benzinga Market Primer, Friday July 26",VRTX,-0.07886331254855994,2.178256458284555,0.02768004399742674,-0.014904689428559714,-0.019152253546298126,-0.003050550965362775,0.019817965232852064,-0.013009483760052287,-0.6100483756108341
67,2013-07-26,"Benzinga Market Primer: Friday, July 26: Futures Flat On Mixed Global Stocks Overnight",VRTX,-0.07886331254855994,2.178256458284555,0.02768004399742674,-0.014904689428559714,-0.019152253546298126,-0.003050550965362775,0.019817965232852064,-0.013009483760052287,-0.6100483756108341
70,2013-11-12,Gilead Sciences Leads In Rising Short Interest Among Biotechs ,VRTX,-0.006110634790203351,0.730269155112028,-0.008352475020636962,0.0004916040405413824,-0.025079867940783762,-0.0425206316317418,-0.012535898542994195,0.016949160062997626,-0.290150842945874
72,2013-11-20,Vertex Sells INCIVO Product Royalty Rights to  Janssen Pharmaceutica for $152M,VRTX,0.044244922639860906,0.8999562171628721,0.011184996867669161,-0.02681812240586745,0.03866951757423509,-0.002777810155609073,0.016949160062997626,0.016733251112961645,-0.541248991819334
73,2014-06-24,Market Wrap For June 24: Consumer Confidence And Housing Data Take A Back-Seat,VRTX,0.4041434908013166,10.65618216248672,0.025400270152917903,0.005106016479634601,-0.006914636831217624,-0.012293179027119572,-0.018325436629935576,-0.03923872786105154,-0.7225797248462562
75,2014-06-24,Stocks Hitting 52-Week Highs,VRTX,0.4041434908013166,10.65618216248672,0.025400270152917903,0.005106016479634601,-0.006914636831217624,-0.012293179027119572,-0.018325436629935576,-0.03923872786105154,-0.7225797248462562
78,2014-06-24,Consumer Confidence And Housing Data Take A Back-Seat To Markets,VRTX,0.4041434908013166,10.65618216248672,0.025400270152917903,0.005106016479634601,-0.006914636831217624,-0.012293179027119572,-0.018325436629935576,-0.03923872786105154,-0.7225797248462562
81,2014-07-23,Vertex Is Poised For An Earnings Breakout,VRTX,0.004092505981393879,-0.02747949042886677,0.014847890576529021,-0.009156372608965735,0.028680274587155496,-0.02416610475096248,0.0031078737755267927,-0.024149202785016644,0.34359783279610445
86,2015-01-12,Biotechs Presenting At The J.P. Morgan Healthcare Conference: Day 1,VRTX,-0.03191229486208558,1.6023375409069658,-0.014197000233122092,0.027432433765400166,0.02811863526410674,-0.030323045575152863,-0.01657593987637862,0.019355937475978857,-0.4150258695027307
87,2015-01-12,Biotechs Presenting at the J.P. Morgan Healthcare Conference: Day One,VRTX,-0.03191229486208558,1.6023375409069658,-0.014197000233122092,0.027432433765400166,0.02811863526410674,-0.030323045575152863,-0.01657593987637862,0.019355937475978857,-0.4150258695027307
95,2015-01-28,"Earnings Scheduled For January 28, 2015",VRTX,-0.01948731356349298,0.6584526182279398,-0.011588911011883196,-0.0035836342226314155,-0.013589971056247374,0.01766733374823648,0.002805823954745712,-0.058716828477233696,1.1998251939254887
98,2015-06-26,Benzinga's Top #PreMarket Gainers,VRTX,-0.01153099561008164,2.879337605059499,-0.009568564468061758,-0.015423179263070685,0.020072823082954327,0.007732002070256927,0.0032123798600478537,-0.03814931711598435,-0.7234973615341713
101,2015-07-28,Is More M&A On The Way For Large-Cap Biotechs?,VRTX,0.04114257532022503,-0.047691328404250055,-0.018087622653915614,-0.04088655601042335,-0.0012974978125614989,0.00038179011446715094,-0.018730800757737698,-0.020888544360319616,-0.08206077433287062
103,2015-09-14,Benzinga's Top #PreMarket Gainers,VRTX,0.0058929476302322925,0.31622798712365086,0.015606042110558604,0.015775322046173823,-0.023739791507923935,0.04819279352337147,0.003635494261523098,0.004449320115462063,-0.1973097396058121
106,2015-10-27,"Perhaps It's Time To Buy, Buy, Buy Biotech ETFs",VRTX,0.05436965823542206,0.6007506914263137,0.0034973672018761004,0.044570325856470694,-0.0011859594923843142,-0.005714260801977011,-0.0485847202870201,-0.007520069796254636,0.5124028137726768
108,2016-01-27,"Earnings Scheduled For January 27, 2016",VRTX,0.0032538293024697573,0.4154110391131236,0.0008683695101510125,-0.02734659870052991,-0.0037866899285491362,-0.019795836800018396,0.021054848352226596,0.00281083390519421,1.2306949806949805
111,2016-03-02,"The Stocks That Moved The S&P, Dow And Nasdaq Today",VRTX,0.03293510057266036,0.39576113705991656,0.04772490271383889,-0.017356346393453626,0.017186966464203257,-0.014290629385066533,0.017471832611367866,-0.03318201260499387,-0.43301788348745995
113,2016-03-10,"The Stocks That Moved The S&P, Dow And Nasdaq Today",VRTX,-0.027767913864917282,0.11572349895540013,-0.0262341078428171,-0.04441993866620897,0.029311864191942982,-0.012185538010932806,-0.03318201260499387,0.04837145619811345,-0.30151428804038105
119,2016-03-23,"The Stocks That Moved The S&P, Dow And Nasdaq Today",VRTX,-0.07640006161188939,0.2312906116961686,0.03284934832782138,0.018177412276058735,0.04218232287215962,-0.0015132754346012245,-0.04261739347171434,0.00536494444154112,-0.1409399026431919
121,2016-03-28,"The Stocks That Moved The S&P, Dow And Nasdaq Today",VRTX,-0.023330911393550813,-0.2011862521845046,0.00536494444154112,-0.07640006161188939,0.03284934832782138,0.018177412276058735,0.04218232287215962,0.006861511263875686,0.15493237867939547
123,2016-04-04,"The Stocks That Moved The S&P, Dow And Nasdaq Today",VRTX,0.04699938280464644,-0.2458845191964163,-0.00427722162571087,0.0139030142433203,-0.01060066078415045,0.006861511263875686,-0.023330911393550813,0.015566560549927777,0.03826530612244894
125,2016-04-06,"After-Hours Recap: Bed Bath & Beyond, Apollo, Valeant, eBay & More",VRTX,0.08495714811504285,0.21456651456651454,0.015566560549927777,0.04699938280464644,-0.00427722162571087,0.0139030142433203,-0.01060066078415045,-0.054867973286506944,-0.19151518654451927
126,2016-04-06,"After-Hours Recap For April 6: Bed Bath & Beyond, Apollo, Valeant, eBay & More",VRTX,0.08495714811504285,0.21456651456651454,0.015566560549927777,0.04699938280464644,-0.00427722162571087,0.0139030142433203,-0.01060066078415045,-0.054867973286506944,-0.19151518654451927
129,2016-04-07,"After-Hours Recap: CarMax, Wynn, Relypsa, ConAgra, Ruby Tuesday & More",VRTX,-0.054867973286506944,-0.19151518654451927,0.08495714811504285,0.015566560549927777,0.04699938280464644,-0.00427722162571087,0.0139030142433203,-0.012166894723376509,-0.44963540177294825
133,2016-04-27,"Earnings Scheduled For April 27, 2016",VRTX,0.00427859059856206,0.5474612380163333,-0.017744620680343215,-0.01313363305953652,-0.00011513082728964452,0.03210078383841908,0.010816026148074531,0.026627218934911268,1.0892959577804122
136,2016-07-27,"Earnings Scheduled For July 27, 2016",VRTX,0.010844375056780597,0.3868146450328729,-0.00824885991253721,0.02002340255234092,0.007295357921412782,0.022600082546448297,0.0425483381873315,0.002083084509866051,-0.36704070981210857
139,2016-10-26,18 Stocks Moving In Wednesday's Pre-Market Session,VRTX,0.0,0.6960159518317237,-0.00025408702664786453,-0.025136190262508462,-0.0260491567825889,0.013320253128443316,-0.013620989222376534,-0.03646300063479746,-0.18186219138292725
140,2016-11-29,"Barclays Downgrades 5 Biopharma Stocks, Upgrades Pfizer And Alexion",VRTX,-0.014384349574812716,-0.059181803481916706,-0.00991221545473564,0.0049232919991459845,0.0132250513922052,-0.0320045593020265,-0.004360458173108039,-0.04716871971457781,0.31349183615010023
141,2016-11-29,"The Market In 5 Minutes: OPEC, Tiffany's And More Theranos Trouble",VRTX,-0.014384349574812716,-0.059181803481916706,-0.00991221545473564,0.0049232919991459845,0.0132250513922052,-0.0320045593020265,-0.004360458173108039,-0.04716871971457781,0.31349183615010023
142,2016-11-29,Wall Street's M&A Chatter From November 28,VRTX,-0.014384349574812716,-0.059181803481916706,-0.00991221545473564,0.0049232919991459845,0.0132250513922052,-0.0320045593020265,-0.004360458173108039,-0.04716871971457781,0.31349183615010023
143,2017-01-25,"Earnings Scheduled For January 25, 2017",VRTX,0.03587067916177955,0.9424849992682569,0.010319365136910674,0.00036867123367700927,0.005685317805616208,-0.019510337450944437,0.011894464193863419,0.0016433781621820742,-0.04629699389738562
144,2017-02-24,The Most Overpaid CEOs In S&P 500 Comapnies That Largely Underperformed The Market,VRTX,0.003965896705673266,0.5792546026044005,-0.0006993537469807132,-0.008781075787784531,-0.020151689600339973,0.007183636313970565,-0.018686424381963107,0.03288023517008187,0.47405459198180266
145,2017-02-24,Benzinga's Option Alert Recap From February 24,VRTX,0.003965896705673266,0.5792546026044005,-0.0006993537469807132,-0.008781075787784531,-0.020151689600339973,0.007183636313970565,-0.018686424381963107,0.03288023517008187,0.47405459198180266
146,2017-03-06,A Peek Into The Markets: U.S. Stock Futures Edge Lower Ahead Of Factory Orders Data,VRTX,0.007983160009014112,0.11605511036131033,0.003337446365500263,-0.004650627619304459,-0.003420935539532155,0.01934759495141769,0.03288023517008187,0.004509911079078721,0.23493103231088996
147,2017-03-20,Leerink Presents: Your 2017 Biopharma Catalyst Tracker,VRTX,-0.006636212168220523,-0.4472211115553778,-0.004763993487424623,-0.023368923459916258,0.01973260592201953,-0.0022592694068573893,-0.010959846476909285,-0.01982255620401563,0.23819168173598548
148,2017-04-06,Your Cheat Sheet For Q1 Biotech Earnings,VRTX,0.001314534441123394,-0.5141348013688439,0.016208029922391454,0.04504424480920699,-0.017375414287989832,0.019200275338012718,-0.0066660606097850295,0.01417814709346854,0.0759454907364876
149,2017-07-10,The Royalty-Amassing Strategy Of Royalty Pharma,VRTX,-0.012965112100295273,0.48769487204627904,0.014712745530663485,-0.00418599446614587,0.006004868580804068,-0.00496624050514205,0.012810415598742297,0.027281162808404646,-0.1191590324919265
150,2017-07-19,The Market In 5 Minutes,VRTX,0.20830809637144254,4.073106655393164,0.022831025423401652,-0.013588813685405654,0.000534733617460148,-0.003956210155220741,-0.005523157582297489,-0.0022543716253223822,-0.7067041267611502
151,2017-07-19,25 Stocks Moving In Wednesday's Pre-Market Session,VRTX,0.20830809637144254,4.073106655393164,0.022831025423401652,-0.013588813685405654,0.000534733617460148,-0.003956210155220741,-0.005523157582297489,-0.0022543716253223822,-0.7067041267611502
152,2017-10-10,5 Pharma & Biotech Stocks That Could Be Big Winners in Q3 Earnings,VRTX,-0.006621657081897658,-0.07566336807075924,0.0029013341749442034,0.01838478657683451,-0.001376902908934996,0.0,0.001839314111247825,-0.003235826987930679,0.6651823780198958
153,2017-10-25,"Earnings Scheduled For October 25, 2017",VRTX,-0.028522252274403748,0.30574989068648883,0.00033101451453698694,-0.023087416487662327,0.0001940412555792026,-0.0010337839816428884,-0.001870419472517315,-0.02070850464390006,0.5635412306404353
154,2018-01-31,"Earnings Scheduled For January 31, 2018",VRTX,0.0019815170190844444,0.06371875858280696,-0.0035898414844244275,-0.012233362343156862,0.01786574303755817,-0.007225986725172162,0.005222686442696967,0.036675319440613974,1.1903778294173337
155,2018-04-20,"The Week Ahead In Biotech: PDUFA Dates, IPOs And More",VRTX,-0.008774735998088756,0.24206863062479766,-0.02332270778867962,-0.009879415895164834,0.03963458516620677,-0.016667714552199064,-0.003642402478408746,0.003414534086389809,-0.24767055450576658
156,2018-06-29,"Benzinga's Daily Biotech Pulse: Gemphire On Fire, Acceleron-Celgene Taste Success, AbbVie Ditches Galapagos",VRTX,0.15156860851709042,3.9082139725226543,0.0006101446636652685,-0.02640264026402639,-0.021064839897574017,-0.027828430596330223,0.016733697353428223,-0.0020593439026209692,-0.6599964266571378
157,2018-06-29,35 Stocks Moving In Friday's Mid-Day Session,VRTX,0.15156860851709042,3.9082139725226543,0.0006101446636652685,-0.02640264026402639,-0.021064839897574017,-0.027828430596330223,0.016733697353428223,-0.0020593439026209692,-0.6599964266571378
158,2018-06-29,24 Stocks Moving In Friday's Pre-Market Session,VRTX,0.15156860851709042,3.9082139725226543,0.0006101446636652685,-0.02640264026402639,-0.021064839897574017,-0.027828430596330223,0.016733697353428223,-0.0020593439026209692,-0.6599964266571378
159,2018-07-02,44 Biggest Movers From Friday,VRTX,-0.0020593439026209692,-0.6599964266571378,0.15156860851709042,0.0006101446636652685,-0.02640264026402639,-0.021064839897574017,-0.027828430596330223,-0.011084280856359818,-0.5358644245927483
160,2018-07-13,"Benzinga's Daily Biotech Pulse: Amgen Resubmits Osteoporosis Drug BLA, Auris Medical Prices Offering",VRTX,0.012509091120740834,0.2338498010329353,0.01862756338465954,-0.0005711044667183751,0.005454736611543165,0.0040934374537870966,0.023364159105168314,0.003988926430488204,0.345982296026899
161,2018-07-18,"Benzinga's Daily Biotech Pulse: Novartis Earnings, J&J's HIV Cocktail Clears FDA Hurdle, Cara To Offer Shares",VRTX,-0.007996010101102957,0.004854368932038833,0.007559844983772157,0.003988926430488204,0.012509091120740834,0.01862756338465954,-0.0005711044667183751,-0.0055761593242293905,-0.05094422485726835
162,2018-07-25,"Benzinga's Daily Biotech Pulse: Merck's Keytruda Found Effective, Nabriva To Acquire Zavante, FDA Denies Agile",VRTX,0.011036096877253376,-0.10586510263929616,-0.009402902834769189,-0.004847805185683285,-0.015101050935147242,-0.0055761593242293905,-0.007996010101102957,-0.005316455259238073,0.5747458183010823
163,2018-07-26,"Benzinga's Daily Biotech Pulse: Biogen, AC Immune Slip Despite Positive Trials, Sarepta Slapped With Clinical Hold",VRTX,-0.005316455259238073,0.5747458183010823,0.011036096877253376,-0.009402902834769189,-0.004847805185683285,-0.015101050935147242,-0.0055761593242293905,-0.021436226294086258,-0.42012746282334323
164,2018-08-06,"The Week Ahead: Earnings From Disney, Roku And Snap, Rite Aid Votes On Albertsons Deal",VRTX,0.002119917441328001,-0.3188729874776386,-0.01883189676209851,0.00011246569410294782,0.016109637339428495,0.003611999136717614,0.013480487990420231,0.01486473495106222,0.441628365068943
165,2018-08-07,"The Daily Biotech Pulse: FDA Snub For Gemphire, Ligand Earnings, Insmed's Antibiotic Faces FDA Panel",VRTX,0.01486473495106222,0.441628365068943,0.002119917441328001,-0.01883189676209851,0.00011246569410294782,0.016109637339428495,0.003611999136717614,-0.012449955064321894,-0.1769903443250137
166,2018-08-13,"The Week Ahead: Nvidia, Retailer Earnings In Focus",VRTX,0.0013156144485939603,0.4267605633802818,-0.001313885881344734,-0.0014261266152185703,-0.012449955064321894,0.01486473495106222,0.002119917441328001,0.0050270757422565815,-0.30071569595261605
167,2018-08-30,"The Daily Biotech Pulse: Verastem Gets New CFO, Mesoblast Earnings, Vertex's Precision Medicine Collaboration",VRTX,0.0063291039980653,-0.24156555772994126,0.022060074091221793,0.008643696908657184,0.014024038892137991,0.004658516336361496,-0.009565591585445898,-0.008762053934894154,0.34389513881721534
168,2018-09-27,"The Daily Biotech Pulse: Hologic Goes Shopping, Johnson & Johnson Snaps Ties With Geron",VRTX,0.01655511222997097,-0.1933298288651364,0.021899809108490764,0.002634878038994648,0.011605932455794887,-0.002437416524443181,0.02219704435710823,0.015811109482170238,0.5554268336832959
169,2018-10-11,"The Daily Biotech Pulse: Clinical Hold Lifted Off Crispr's Gene-Edited Therapy, Endra To Offer Shares",VRTX,-0.004364275041868093,0.5300881563817554,-0.04971459013394297,0.0017265961505434912,-0.014411096356756192,-0.0030219069037488167,-0.018677547844967002,0.032221356849090554,-0.4749916499665998
170,2018-10-16,Surverying The Q3 Earnings Heat Map,VRTX,0.043906576525428065,0.06812629205036647,-0.020240532095126218,0.032221356849090554,-0.004364275041868093,-0.04971459013394297,0.0017265961505434912,0.00016176209107854334,-0.21975895135040024
171,2018-10-24,"Earnings Scheduled For October 24, 2018",VRTX,-0.06361601853097032,0.04738587095128799,-0.018207417354387356,0.009733003764106796,-0.01794293775625,-0.035475533656580294,0.00016176209107854334,0.015451617689903996,0.36364079088341295
172,2018-10-25,"The Daily Biotech Pulse: AbbVie Takes Full Control Of Cystic Fibrosis Program, Amgen Slashes Cholesterol Drug Price",VRTX,0.015451617689903996,0.36364079088341295,-0.06361601853097032,-0.018207417354387356,0.009733003764106796,-0.01794293775625,-0.035475533656580294,0.02336812452704984,-0.050212492410985354
173,2019-02-05,"Earnings Scheduled For February 5, 2019",VRTX,-0.005106880928274715,0.10874991567159142,-0.01848375347718656,0.003195226015663355,0.02063619645749748,0.0035947963912039693,-0.009091347165567698,-0.024756736055182915,0.16562214785518714
174,2019-04-30,"The Daily Biotech Pulse: Earnings Deluge, G1 Therapeutics Positive FDA Meeting, Mustang Bio Offering",VRTX,-0.020519409096067087,1.1588697854191659,-0.001909180326305937,-0.010079574484186726,0.011762653596933736,-0.015909182664163635,0.0406479389452874,0.021422715513695678,0.12655883442400295
175,2019-04-30,"Earnings Scheduled For April 30, 2019",VRTX,-0.020519409096067087,1.1588697854191659,-0.001909180326305937,-0.010079574484186726,0.011762653596933736,-0.015909182664163635,0.0406479389452874,0.021422715513695678,0.12655883442400295
176,2019-07-31,"The Daily Biotech Pulse: Roche-Spark Deal Faces Further Delay, Bayer's Prostate Cancer Drug Passes FDA Muster",VRTX,-0.01722306408268659,-0.3756306113723814,0.019912155709965962,-0.0035965119998214723,-0.01610047043434093,-0.021806847001014984,-0.010842325357879323,0.07604128280062805,1.1434538482607506
177,2019-10-30,"The Daily Biotech Pulse: Novartis Program Placed On Partial Clinical Hold, Adcom Snub For Amag, Amgen Earnings",VRTX,0.007024101237736113,-0.2945722713864307,0.0199463716728554,-0.002416582895924946,0.00010286559538941198,0.02078634627079934,-0.0028786928649946475,-0.019068662560392302,0.9013130383875554
178,2019-10-30,"Earnings Scheduled For October 30, 2019",VRTX,0.007024101237736113,-0.2945722713864307,0.0199463716728554,-0.002416582895924946,0.00010286559538941198,0.02078634627079934,-0.0028786928649946475,-0.019068662560392302,0.9013130383875554
179,2019-11-01,Stocks That Hit 52-Week Highs On Friday,VRTX,0.02793128111930887,0.3242720154834169,-0.019068662560392302,0.007024101237736113,0.0199463716728554,-0.002416582895924946,0.00010286559538941198,-0.0075644682691001774,-0.5704178569056002
180,2019-11-01,"The Daily Biotech Pulse: Amgen Takes 20.5% Stake In BeiGene, Paratek's Mixed Clinical Readout, CareDx Slips On Guidance",VRTX,0.02793128111930887,0.3242720154834169,-0.019068662560392302,0.007024101237736113,0.0199463716728554,-0.002416582895924946,0.00010286559538941198,-0.0075644682691001774,-0.5704178569056002
181,2019-11-12,Stocks That Hit 52-Week Highs On Tuesday,VRTX,0.009707809673694667,0.1388754241396024,0.0029307850829360937,0.02798343295868788,-0.0007143919415031341,-0.00593485935156568,-0.011433150136553993,0.01589328697863035,0.1497127048308151
182,2019-11-13,Stocks That Hit 52-Week Highs On Wednesday,VRTX,0.01589328697863035,0.1497127048308151,0.009707809673694667,0.0029307850829360937,0.02798343295868788,-0.0007143919415031341,-0.00593485935156568,-0.010140058144015529,-0.07866728366496989
183,2019-11-13,"The Daily Biotech Pulse: Merck Goes Shopping, Nuvectra Files For Bankruptcy Protection, Opiant Rips Higher",VRTX,0.01589328697863035,0.1497127048308151,0.009707809673694667,0.0029307850829360937,0.02798343295868788,-0.0007143919415031341,-0.00593485935156568,-0.010140058144015529,-0.07866728366496989
184,2019-11-19,Stocks That Hit 52-Week Highs On Tuesday,VRTX,0.023809523809523725,0.11248043818466358,0.0009532742866207311,0.023414649032964974,-0.010140058144015529,0.01589328697863035,0.009707809673694667,0.0003256154614825757,0.4578864075962723
185,2019-11-19,50 Stocks Moving In Tuesday's Mid-Day Session,VRTX,0.023809523809523725,0.11248043818466358,0.0009532742866207311,0.023414649032964974,-0.010140058144015529,0.01589328697863035,0.009707809673694667,0.0003256154614825757,0.4578864075962723
186,2019-11-20,Stocks That Hit 52-Week Highs On Wednesday,VRTX,0.0003256154614825757,0.4578864075962723,0.023809523809523725,0.0009532742866207311,0.023414649032964974,-0.010140058144015529,0.01589328697863035,0.0019993149260140175,-0.5009447995818759
187,2019-11-21,"The Daily Biotech Pulse: Patent Win For Cellectis, Hepion Proves Efficacy In Animal Model, Job Cuts At Neon",VRTX,0.0019993149260140175,-0.5009447995818759,0.0003256154614825757,0.023809523809523725,0.0009532742866207311,0.023414649032964974,-0.010140058144015529,0.011600928074245953,0.06251510513171676
188,2019-11-25,Stocks That Hit 52-Week Highs On Monday,VRTX,0.02417433152505022,0.1301084236864054,0.011600928074245953,0.0019993149260140175,0.0003256154614825757,0.023809523809523725,0.0009532742866207311,-0.018900887445468806,0.25816839986581686
189,2019-11-26,Stocks That Hit 52-Week Highs On Tuesday,VRTX,-0.018900887445468806,0.25816839986581686,0.02417433152505022,0.011600928074245953,0.0019993149260140175,0.0003256154614825757,0.023809523809523725,0.004610794306162624,-0.5557510798272276
190,2019-11-26,"The Daily Biotech Pulse: ChemoCentryx Triples On Data Readout, Global Blood Given FDA Nod, Positive Safety Review For Genfit's NASH Drug",VRTX,-0.018900887445468806,0.25816839986581686,0.02417433152505022,0.011600928074245953,0.0019993149260140175,0.0003256154614825757,0.023809523809523725,0.004610794306162624,-0.5557510798272276
191,2019-11-27,"The Daily Biotech Pulse: Tonix Says No Surprises In FDA Meeting Minutes, Aravive Offering, FDA Nod For Qiagen",VRTX,0.004610794306162624,-0.5557510798272276,-0.018900887445468806,0.02417433152505022,0.011600928074245953,0.0019993149260140175,0.0003256154614825757,0.007679734891191448,-0.3552994838554795
192,2019-12-05,Stocks That Hit 52-Week Highs On Thursday,VRTX,-0.003751490885410491,-0.18121664887940236,0.01257178455167196,0.001539977385836666,-0.004329229825782099,0.007679734891191448,0.004610794306162624,0.0008068887339016673,0.33120437956204385
193,2019-12-05,"The Daily Biotech Pulse: Aurinia Rips Higher On Positive Readout, Sesen Bio On Track For Vicinium BLA Submission",VRTX,-0.003751490885410491,-0.18121664887940236,0.01257178455167196,0.001539977385836666,-0.004329229825782099,0.007679734891191448,0.004610794306162624,0.0008068887339016673,0.33120437956204385
194,2019-12-06,Stocks That Hit 52-Week Highs On Friday,VRTX,0.0008068887339016673,0.33120437956204385,-0.003751490885410491,0.01257178455167196,0.001539977385836666,-0.004329229825782099,0.007679734891191448,-0.017379641132418855,0.7470870459218644
195,2019-12-06,"The Daily Biotech Pulse: Cassava Gains On Alzheimer's Presentation, Bristol-Myers Hikes Dividend",VRTX,0.0008068887339016673,0.33120437956204385,-0.003751490885410491,0.01257178455167196,0.001539977385836666,-0.004329229825782099,0.007679734891191448,-0.017379641132418855,0.7470870459218644
196,2019-12-10,"The Daily Biotech Pulse: ASH Meeting Wraps, Fast Track Designation For Equillium, Pfizer To Buy $3M In ContraFect Shares",VRTX,0.004102699436140611,-0.2957462310149639,-0.017379641132418855,0.0008068887339016673,-0.003751490885410491,0.01257178455167196,0.001539977385836666,-0.0012257877478721868,-0.23690911984720675
197,2020-01-09,Stocks That Hit 52-Week Highs On Thursday,VRTX,-0.0035916822199482112,-0.20370575834905136,0.03261988145477179,-0.001071309621353489,0.027754854437743504,-0.006698570249011326,0.0022836264305508003,-0.005689210413643342,-0.2912776926292323
198,2020-01-09,"The Daily Biotech Pulse: Merck's Keytruda Snags Another FDA Approval, DBV, Applied Genetic Soars On Trial Results, Globus Medical Slips On Guidance",VRTX,-0.0035916822199482112,-0.20370575834905136,0.03261988145477179,-0.001071309621353489,0.027754854437743504,-0.006698570249011326,0.0022836264305508003,-0.005689210413643342,-0.2912776926292323
199,2020-01-15,Stocks That Hit 52-Week Highs On Wednesday,VRTX,0.019151224794273558,0.6713051823416507,0.014393546857564665,-0.010744666904862421,-0.005689210413643342,-0.0035916822199482112,0.03261988145477179,0.005765561130496755,0.21963824289405687
200,2020-01-16,Stocks That Hit 52-Week Highs On Thursday,VRTX,0.005765561130496755,0.21963824289405687,0.019151224794273558,0.014393546857564665,-0.010744666904862421,-0.005689210413643342,-0.0035916822199482112,0.001401281660529552,-0.2470338983050847
201,2020-01-17,Stocks That Hit 52-Week Highs On Friday,VRTX,0.001401281660529552,-0.2470338983050847,0.005765561130496755,0.019151224794273558,0.014393546857564665,-0.010744666904862421,-0.005689210413643342,-0.00780221483104071,-0.12474207465766274
202,2020-01-21,Stocks That Hit 52-Week Highs On Tuesday,VRTX,-0.00780221483104071,-0.12474207465766274,0.001401281660529552,0.005765561130496755,0.019151224794273558,0.014393546857564665,-0.010744666904862421,0.0026496649541964956,-0.18988426918131163
203,2020-01-22,Stocks That Hit 52-Week Highs On Wednesday,VRTX,0.0026496649541964956,-0.18988426918131163,-0.00780221483104071,0.001401281660529552,0.005765561130496755,0.019151224794273558,0.014393546857564665,-0.0029836620196117547,-0.13756613756613756
204,2020-01-22,"The Daily Biotech Pulse: Johnson & Johnson Earnings, FDA Nod For Horizon Therapeutics, Slew Of Secondary Offerings",VRTX,0.0026496649541964956,-0.18988426918131163,-0.00780221483104071,0.001401281660529552,0.005765561130496755,0.019151224794273558,0.014393546857564665,-0.0029836620196117547,-0.13756613756613756
205,2020-01-30,"Earnings Scheduled For January 30, 2020",VRTX,-0.009035781895897821,0.3088975937325127,0.0018968075142942187,0.020231368264509886,-0.007377990305679427,-0.020734496291666127,-0.0029836620196117547,-0.014154811086768193,1.8845660538691749
206,2020-01-30,"The Daily Biotech Pulse: Sanofi Reports Positive Readout, Tonix Vaccine Candidate Aces Animal Study, Hologix's Weak Guidance",VRTX,-0.009035781895897821,0.3088975937325127,0.0018968075142942187,0.020231368264509886,-0.007377990305679427,-0.020734496291666127,-0.0029836620196117547,-0.014154811086768193,1.8845660538691749
207,2020-01-31,"The Daily Biotech Pulse: Amgen Hurt By Generic Competition, Nanoviricides Confirms Working On Wuhan Virus, Arcutis IPO",VRTX,-0.014154811086768193,1.8845660538691749,-0.009035781895897821,0.0018968075142942187,0.020231368264509886,-0.007377990305679427,-0.020734496291666127,0.01523889631610964,-0.41070105231954945
208,2020-01-31,Stocks That Hit 52-Week Highs On Friday,VRTX,-0.014154811086768193,1.8845660538691749,-0.009035781895897821,0.0018968075142942187,0.020231368264509886,-0.007377990305679427,-0.020734496291666127,0.01523889631610964,-0.41070105231954945
209,2020-02-05,Stocks That Hit 52-Week Highs On Wednesday,VRTX,0.0045897973292090555,0.3134127464836127,0.039694630919797635,0.01523889631610964,-0.014154811086768193,-0.009035781895897821,0.0018968075142942187,-0.006811760371600584,-0.3234781717565075
210,2020-02-05,"The Daily Biotech Pulse: Merck Spins Off Slow-Growth Businesses, ZioPharm Announces Offering, PhaseBio Data",VRTX,0.0045897973292090555,0.3134127464836127,0.039694630919797635,0.01523889631610964,-0.014154811086768193,-0.009035781895897821,0.0018968075142942187,-0.006811760371600584,-0.3234781717565075
211,2020-02-06,Stocks That Hit 52-Week Highs On Thursday,VRTX,-0.006811760371600584,-0.3234781717565075,0.0045897973292090555,0.039694630919797635,0.01523889631610964,-0.014154811086768193,-0.009035781895897821,0.003931090919208069,0.0930091645838067
212,2020-02-06,"The Daily Biotech Pulse: Tonix Slumps On Failed Study, Applied Genetic Announces Offering, Beam Therapeutics, PPD Price IPOs",VRTX,-0.006811760371600584,-0.3234781717565075,0.0045897973292090555,0.039694630919797635,0.01523889631610964,-0.014154811086768193,-0.009035781895897821,0.003931090919208069,0.0930091645838067
213,2020-02-07,"The Daily Biotech Pulse: Assertio To Sell Opioid Pain Drug, Milestone Payment For Aduro, Myriad Genetics CEO Resigns",VRTX,0.003931090919208069,0.0930091645838067,-0.006811760371600584,0.0045897973292090555,0.039694630919797635,0.01523889631610964,-0.014154811086768193,0.019536792839721207,-0.11787124939366644
214,2020-02-11,Stocks That Hit 52-Week Highs On Tuesday,VRTX,0.012502543651047082,0.791044776119403,0.019536792839721207,0.003931090919208069,-0.006811760371600584,0.0045897973292090555,0.039694630919797635,-0.02259792139097405,-0.20802631578947373
215,2020-02-11,"The Daily Biotech Pulse: LogicBio Slapped With Clinical Hold, Agile Inks Debt Deal Ahead of Twirla Approval, Gilead Builds Stake In Sierra Oncology",VRTX,0.012502543651047082,0.791044776119403,0.019536792839721207,0.003931090919208069,-0.006811760371600584,0.0045897973292090555,0.039694630919797635,-0.02259792139097405,-0.20802631578947373
216,2020-02-12,"The Daily Biotech Pulse: J&J Intensifies Efforts On COVID-19 Cure, Adamas Reports Positive, Long-Term Gocovri Data",VRTX,-0.02259792139097405,-0.20802631578947373,0.012502543651047082,0.019536792839721207,0.003931090919208069,-0.006811760371600584,0.0045897973292090555,-0.008752777825901337,-0.2638865813811818
217,2020-02-20,"The Daily Biotech Pulse: Heron Pain Drug Review Extended, Disappointment For Teva In Tourette Syndrome Study",VRTX,-0.010816016986780141,0.6089479793183497,0.007522490784418245,0.00865386468780116,0.015535886722571668,-0.008752777825901337,-0.02259792139097405,0.004855108743304637,-0.10473504721930749
218,2020-04-20,Stocks That Hit 52-Week Highs On Monday,VRTX,0.010352800410451612,-0.09179858771403515,0.021528861909693164,0.03733892644914416,-0.027361791983416928,0.04015381691703035,0.022991760897417945,-0.03827864158252725,-0.1855371480841549
219,2020-04-24,"The Daily Biotech Pulse: FDA Approves Sanofi's Meningococcal Vaccine, Pluristem Secures $54M In Funding For COVID-19 Treatment, Oric Pharma Prices IPO",VRTX,0.007278495251384687,-0.3481807681201271,-0.005420022576913097,0.025000029031182924,-0.03827864158252725,0.010352800410451612,0.021528861909693164,-0.0050025037397775085,0.20810721010078637
220,2020-04-29,"The Daily Biotech Pulse: Inovio's MERS Vaccine Data, Fast Track Designation For Erytech, FDA Approves Higher Dose Of Merck's Keytruda",VRTX,-0.022999644302033273,0.027113715092160984,-0.04301522435096017,-0.0050025037397775085,0.007278495251384687,-0.005420022576913097,0.025000029031182924,0.0005974662205179282,0.17633343048673855
221,2020-04-29,"Earnings Scheduled For April 29, 2020",VRTX,-0.022999644302033273,0.027113715092160984,-0.04301522435096017,-0.0050025037397775085,0.007278495251384687,-0.005420022576913097,0.025000029031182924,0.0005974662205179282,0.17633343048673855
222,2020-04-30,"The Daily Biotech Pulse: FDA Nod For GlaxoSmithKline, Hologic To Launch Coronavirus Test, Amarin's Strong Q1",VRTX,0.0005974662205179282,0.17633343048673855,-0.022999644302033273,-0.04301522435096017,-0.0050025037397775085,0.007278495251384687,-0.005420022576913097,0.014729287393281831,-0.31325215913917603
223,2020-05-01,"The Daily Biotech Pulse: Gilead Slips Despite Forecast-Beating Q1, Moderna Partners With Lonza For Coronavirus Vaccine Production, Lyra Therapeutics IPO",VRTX,0.014729287393281831,-0.31325215913917603,0.0005974662205179282,-0.022999644302033273,-0.04301522435096017,-0.0050025037397775085,0.007278495251384687,0.03840725295936109,0.3659931965776724
224,2020-05-13,"The Daily Biotech Pulse: Gilead Signs Manufacturing Deal For Remdesivir, Bristol-Myers Gets Refuse-To-File Letter",VRTX,0.0020255273849647537,-0.04781476121562955,-0.030881932123848266,0.05025215790270776,0.005999759485189715,-0.00018509884255590858,-0.00833543541144155,-0.00010828711485777465,0.8700832877378564
225,2020-05-18,Stocks That Hit 52-Week Highs On Monday,VRTX,-0.015795481381518428,-0.007528302971093637,0.04220217487872291,-0.00010828711485777465,0.0020255273849647537,-0.030881932123848266,0.05025215790270776,-0.00651112544160426,-0.26624203821656056
226,2020-06-10,"The Daily Biotech Pulse: Keytruda Setback For Merck, Denali Pulls The Plug On Neurological Asset",VRTX,0.012885324555027555,-0.40466535213363597,0.02203688963694428,-0.0025593461158976982,-0.026134464817088032,-0.015125816012754756,-0.025539028137429254,-0.03809135317105716,0.14423197100362461
227,2020-06-23,Stocks That Hit 52-Week Highs On Tuesday,VRTX,0.008867583484620134,-0.012750455373406244,-0.00023860882211634848,0.050431557180205866,-0.0032132311337483843,0.023085099089890093,0.02240729075764225,-0.015618645395012787,0.03200152691182079
228,2020-07-07,Stocks That Hit 52-Week Highs On Tuesday,VRTX,0.026603961638635987,0.2108204784261123,0.0007213722111825138,0.016836689062356358,-0.013881708563906692,0.017988656338331355,-0.003355077666560402,-0.010499512326934246,-0.0766248153618907
229,2020-07-08,"The Daily Biotech Pulse: Intersect ENT Jumps On M&A Speculation, VIVUS Files For Bankruptcy",VRTX,-0.010499512326934246,-0.0766248153618907,0.026603961638635987,0.0007213722111825138,0.016836689062356358,-0.013881708563906692,0.017988656338331355,-0.0017572976062905088,-0.2622808771579017
230,2020-07-30,32 Stocks Moving In Thursday's After-Hours Session,VRTX,0.002439698165912496,0.4098240469208212,0.0007181251433319158,-0.020020416637272276,0.020539342243106162,-0.020987138437870256,-0.02324629768862596,-0.026485304431416723,0.9392875715028601
231,2020-07-30,"Earnings Scheduled For July 30, 2020",VRTX,0.002439698165912496,0.4098240469208212,0.0007181251433319158,-0.020020416637272276,0.020539342243106162,-0.020987138437870256,-0.02324629768862596,-0.026485304431416723,0.9392875715028601
232,2020-09-17,"The Daily Biotech Pulse: Moderna Inks 2 R&D Deals, BioNTech To Buy Manufacturing Facility, Dyne Therapeutics IPO",VRTX,0.014614105178487158,0.27106306306306305,0.0026231278749966336,0.007741761348379228,0.02651572555615367,0.00903578178659803,-0.02809464115104543,-0.022360484040776618,0.23582444998865948
233,2020-10-15,Mid-Afternoon Market Update: Dow Down 25 Points; Organogenesis Holdings Shares Jump,VRTX,-0.20695496369334432,16.0364238410596,-0.016769911783207525,0.0054260386061801835,0.017225388724628754,0.005288099780991207,0.010194836281727904,0.013006331603654164,-0.6595152346652947
234,2020-10-15,Mid-Morning Market Update: Markets Open Lower; Walgreens Profit Beats Views,VRTX,-0.20695496369334432,16.0364238410596,-0.016769911783207525,0.0054260386061801835,0.017225388724628754,0.005288099780991207,0.010194836281727904,0.013006331603654164,-0.6595152346652947
235,2020-10-15,Mid-Day Market Update: Crude Oil Down 3%; Cars.com Shares Spike Higher,VRTX,-0.20695496369334432,16.0364238410596,-0.016769911783207525,0.0054260386061801835,0.017225388724628754,0.005288099780991207,0.010194836281727904,0.013006331603654164,-0.6595152346652947
236,2020-10-29,"The Daily Biotech Pulse: Novartis Acquires Gene Therapy Company, Moderna's Japanese Vaccine Supply Deal",VRTX,-0.006383804619530031,-0.13074014046461369,-0.018144144677969765,0.024330237477296013,-0.02093774409789284,0.007140137028398774,-0.006150075795856469,0.006521453743002947,0.46540294178578834
237,2020-11-05,"The Daily Biotech Pulse: Bluebird Bio Plunges On Regulatory Filing Delay, Synlogic Soars On Study Initiation, European Label Expansion For Vertex, Merck Goes Shopping",VRTX,0.020410058414581433,-0.3788175514740909,0.0187079518786617,0.017934631441242077,-0.004511434241949885,0.006521453743002947,-0.006383804619530031,0.0036449930168165334,-0.2723670756646217
238,2021-01-29,"The Daily Biotech Pulse: Novavax Vaccine Readout, Clinical Hold On Bellicum Study Lifted, Lilly Earnings, NLS Pharma IPO",VRTX,-0.004173150248200752,0.2736115469093192,0.021265231015018093,-0.05213768482355985,-0.015208645336189153,0.01565723000985564,-0.004399945752779577,0.011742633228151167,-0.05006159152500611
239,2021-02-02,"The Daily Biotech Pulse: Vertex, Pfizer Earnings, Tiziana COVID-19 Vaccine Data, Decision Day For Mallinckrodt's Burn Treatment",VRTX,-0.06230315474486969,2.2641215830696613,0.011742633228151167,-0.004173150248200752,0.021265231015018093,-0.05213768482355985,-0.015208645336189153,-0.029126221772065475,-0.39134580241224237
240,2021-04-08,Markets Set New All-Time Closing Highs. Here's Why.,VRTX,-0.011470489034431153,0.49095948264484623,-0.01198328748018851,-9.290484757795703e-05,0.010702281777786427,-0.008609084223417551,0.008920577714832456,0.01459961642591101,-0.3212357262990174
241,2021-04-29,"The Daily Biotech Pulse: Clinical Setback For Adverum, Galera Posts Data Readout, Moderna To Invest In Vaccine Manufacturing, Decision Day For Ardelyx",VRTX,-0.007588510163055617,0.16063919259882264,-0.009511451136122395,-0.006636873453954917,-0.004267979356727514,0.008889703708335084,-0.017200577328824518,0.029925405077058542,0.5656400966183575
242,2021-06-01,Attention Biotech Investors: Mark Your Calendar For June PDUFA Dates,VRTX,0.004984869202859787,0.04858252652327666,0.006367311464781977,0.0024661242713246434,-0.00938873111061489,-0.011646656091516272,-0.010354643353407633,0.003386305718833027,-0.13805495659866207
243,2021-06-07,"The Week Ahead In Biotech: Biogen, Alexion And Vertex FDA Decisions, Multiple Conference Presentations On The Deck",VRTX,-0.0036678370911061853,0.4102259957547758,-0.005777888969777711,0.003659991424093567,0.003386305718833027,0.004984869202859787,0.006367311464781977,0.009418632559815787,-0.15126831643720395
244,2021-06-23,"The Daily Biotech Pulse: Gemini Sinks On Data, Amgen's Migraine Drug Approved In Japan, Liver Congress Gets Underway",VRTX,-0.0071477253117359085,0.027188081936685204,0.006233341438294904,-0.000798558160231222,-0.0027075520555498445,0.004640221300858727,-0.00783190833454317,0.023570808811006483,0.28566248834559205
245,2021-07-27,Baidu And Lam Research Slip As The QQQ Finishes Lower Tuesday,VRTX,0.019705492243812905,-0.5455905452913457,-0.007830460469918976,0.02285478843940858,-0.0012737555131091538,-0.0014245676670030516,-0.013501316840199284,-0.0030071510574186666,-0.3094650205761317
246,2021-07-29,"Earnings Scheduled For July 29, 2021",VRTX,-0.009196996439037486,0.11005164878823992,-0.0030071510574186666,0.019705492243812905,-0.007830460469918976,0.02285478843940858,-0.0012737555131091538,0.00598860624314268,0.5267716535433071
247,2021-07-29,"The Daily Biotech Pulse: Merck's Disappointing Q2, Atreca Falls On Data, FDA Nod For Viatris, Nuvalent, Icosavax IPOs",VRTX,-0.009196996439037486,0.11005164878823992,-0.0030071510574186666,0.019705492243812905,-0.007830460469918976,0.02285478843940858,-0.0012737555131091538,0.00598860624314268,0.5267716535433071
248,2021-08-17,JD.com And Tesla Lead The Nasdaq Lower Tuesday,VRTX,0.03911609767478663,-0.41328298909521255,-0.01744185727002867,-0.0023099273850503144,-0.0022535336307618614,-0.0061590485214096935,-0.01966061528251528,-0.01849424573570524,-0.4620113341657862
249,2021-08-17,Wall Street Journal Creates A Pitch In Favor Of Royalty Pharma,VRTX,0.03911609767478663,-0.41328298909521255,-0.01744185727002867,-0.0023099273850503144,-0.0022535336307618614,-0.0061590485214096935,-0.01966061528251528,-0.01849424573570524,-0.4620113341657862
250,2021-09-28,"The Daily Biotech Pulse: Eisai, Biogen Pursue Approval Of Second Alzheimer's Treatment; Sanofi Changes mRNA Strategy; GSK Subsidiary To Develop Long-Acting HIV Preventive",VRTX,-0.009868586895228737,0.08109395196952174,-0.0010892486660714074,-0.007996087075593517,0.004449948697115458,-0.008234654220488191,0.0007001932681347522,0.0034140699138198727,-0.30728085079604806
251,2021-10-05,"The Daily Biotech Pulse: J&J Files For Booster Dose Authorization, Gemini Restructures, Strata Skin CFO Departs, Kaleido Reports Positive Readout",VRTX,-0.002198418281096459,0.09387705564658044,-0.016357150580510793,-0.005733465404003768,-0.004554943614830664,0.0034140699138198727,-0.009868586895228737,0.022032705927929053,-0.04415843781204931
252,2021-10-07,"The Daily Biotech Pulse: Moderna Invests In Africa, Amgen Announces Neuroscience R&D Collaboration, Decision Day For Chemocentryx, Biophytis To Restate Results",VRTX,-0.004919569795104994,-0.2528728961114336,0.022032705927929053,-0.002198418281096459,-0.016357150580510793,-0.005733465404003768,-0.004554943614830664,-0.005999343436411064,-0.10059815116911364
253,2021-11-02,"The Daily Biotech Pulse: Pfizer Reports Solid Q3 Earnings, Regulatory Setback For Legend, Lilly to Supply Additional COVID-19 Antibody Cocktails To US",VRTX,-0.02157497374154904,0.9760382024388163,0.0025415088915681228,0.016098860855940922,0.005858281995641201,-0.017004426350129664,-0.004973231751048912,0.042282324618551304,0.6905450308548742
254,2021-11-02,"Earnings Scheduled For November 2, 2021",VRTX,-0.02157497374154904,0.9760382024388163,0.0025415088915681228,0.016098860855940922,0.005858281995641201,-0.017004426350129664,-0.004973231751048912,0.042282324618551304,0.6905450308548742
255,2022-01-26,"Earnings Scheduled For January 26, 2022",VRTX,-0.0023336655271565254,0.021775801257475802,-0.011189446827689187,0.007015042230277269,-0.0023183534310916576,-0.009660352464548327,-0.0009954168824921616,0.007238058859542651,0.11911551353244287
256,2022-05-02,"The Week Ahead In Biotech (May 1-7): Phathom FDA Decision, Pfizer, Vertex Pharma Lead Earnings News, Ophthalmology Conference Presentations, And More",VRTX,-0.04121224549929392,0.3054849381856173,0.017048787680641553,0.0052011773561739805,-0.0016437014359643731,-0.0146863602103251,0.004659341710977261,0.027294220986835205,-0.6362739082882065
257,2022-08-04,"Biotech Daily: Amgen, Gilead Go Shopping, Nod For AstraZeneca's Lynparza In Early Stage Breast Cancer, Decision Day For Alzheimer's Associated Hallucinations Candidate",VRTX,-0.0006544474296626968,0.379841280607746,0.00427230515707655,0.00010955257191658241,-0.023465700238614162,-0.0014600229734913484,-0.02149894811703168,0.04795340143022342,0.17917711252027724
258,2022-08-17,"This Analyst Boosts Price Target On Home Depot Following Strong Earnings, Plus Citigroup Slashes PT On This Stock By Over 60%",VRTX,-0.012442207965913776,-0.17676904956056905,-0.008280688604736519,0.03738289479942192,0.008077715368226324,-0.012205380821769696,-0.010239928039664004,-0.01650904742182413,0.05216817081223857
259,2022-08-31,"Bluebird bio Seeks Back-to-Back Nods, 'Go' or 'No-Go' For Revance's Botox Rival, Amylyx' Twin Hurdles And More: September's Key PDUFA Catalysts Biotech Investors Must Know",VRTX,0.0014217530384168509,0.6975047080979284,-0.0008523464018139748,-0.0002839625615784769,-0.032758768302084795,0.0006528620492842752,0.01669868569186672,0.02995457889296227,-0.2327000416031063
260,2022-10-27,"US Stocks On Track For Mixed Start As Nasdaq Futures Sag Yet Again Amid Big Tech Woes; Traders Look Ahead To Q3 GDP Data, Apple, Amazon Earnings",VRTX,-0.07484407280518701,2.230550509438433,0.0063710787980451045,-0.004154616891857921,0.03499999999999992,0.03391231118589744,-0.0063693768287739205,0.09031226745307719,-0.20292406239303706
261,2022-11-17,Tesla Fame's Robot-Run ETF Is Now Betting Big On These Oil Stocks,VRTX,0.014601857711593391,0.1989019787258377,0.0005241210126740725,-0.002450740133292939,0.009134039848553321,-0.024981477812966113,0.005463252283614439,0.015263023812475796,0.1184888380080138
262,2023-02-15,"Robinhood, Merck And 2 Other Stocks Insiders Are Selling",VRTX,-0.004995836802664466,-0.244119623655914,0.003576466844085857,0.005985201129212081,0.019890218352429656,-0.005897727978533163,-0.049296757475268405,,
